,haplotype,motif_type,class,fraction
0,HG01890_hap1,IR,Methylated,0.5404538713684545
1,HG01890_hap1,IR,Unmethylated,0.45954612863154554
2,HG01890_hap1,MR,Methylated,0.52414791757526
3,HG01890_hap1,MR,Unmethylated,0.47585208242474
4,HG01890_hap1,DR,Methylated,0.5422247928692634
5,HG01890_hap1,DR,Unmethylated,0.45777520713073655
6,HG01890_hap1,APR,Methylated,0.5499332567596933
7,HG01890_hap1,APR,Unmethylated,0.4500667432403067
8,HG01890_hap1,Z,Methylated,0.5526567278287462
9,HG01890_hap1,Z,Unmethylated,0.4473432721712538
10,HG01890_hap1,G4,Methylated,0.5584319141174632
11,HG01890_hap1,G4,Unmethylated,0.4415680858825369
12,NA19705_hap1,IR,Methylated,0.5411352128725154
13,NA19705_hap1,IR,Unmethylated,0.4588647871274846
14,NA19705_hap1,MR,Methylated,0.5267095706760423
15,NA19705_hap1,MR,Unmethylated,0.4732904293239577
16,NA19705_hap1,DR,Methylated,0.5397359768366295
17,NA19705_hap1,DR,Unmethylated,0.46026402316337045
18,NA19705_hap1,APR,Methylated,0.5407120815410511
19,NA19705_hap1,APR,Unmethylated,0.45928791845894895
20,NA19705_hap1,Z,Methylated,0.5541731066460587
21,NA19705_hap1,Z,Unmethylated,0.44582689335394127
22,NA19705_hap1,G4,Methylated,0.5626049677362327
23,NA19705_hap1,G4,Unmethylated,0.43739503226376736
24,HG01596_hap2,IR,Methylated,0.5175495200416542
25,HG01596_hap2,IR,Unmethylated,0.4824504799583458
26,HG01596_hap2,MR,Methylated,0.49784076228369717
27,HG01596_hap2,MR,Unmethylated,0.5021592377163029
28,HG01596_hap2,DR,Methylated,0.5071135221642994
29,HG01596_hap2,DR,Unmethylated,0.4928864778357006
30,HG01596_hap2,APR,Methylated,0.5217770619421516
31,HG01596_hap2,APR,Unmethylated,0.4782229380578485
32,HG01596_hap2,Z,Methylated,0.5308829300196206
33,HG01596_hap2,Z,Unmethylated,0.46911706998037933
34,HG01596_hap2,G4,Methylated,0.5305365378555673
35,HG01596_hap2,G4,Unmethylated,0.4694634621444327
36,NA19384_hap1,IR,Methylated,0.46304586619184446
37,NA19384_hap1,IR,Unmethylated,0.5369541338081555
38,NA19384_hap1,MR,Methylated,0.443675784334841
39,NA19384_hap1,MR,Unmethylated,0.556324215665159
40,NA19384_hap1,DR,Methylated,0.46471836482487233
41,NA19384_hap1,DR,Unmethylated,0.5352816351751276
42,NA19384_hap1,APR,Methylated,0.45970010923173676
43,NA19384_hap1,APR,Unmethylated,0.5402998907682632
44,NA19384_hap1,Z,Methylated,0.48437987005202715
45,NA19384_hap1,Z,Unmethylated,0.5156201299479729
46,NA19384_hap1,G4,Methylated,0.4981637969375437
47,NA19384_hap1,G4,Unmethylated,0.5018362030624564
48,HG00512_hap2,IR,Methylated,0.5145233446584777
49,HG00512_hap2,IR,Unmethylated,0.4854766553415223
50,HG00512_hap2,MR,Methylated,0.49646951901565994
51,HG00512_hap2,MR,Unmethylated,0.5035304809843401
52,HG00512_hap2,DR,Methylated,0.5098551186116861
53,HG00512_hap2,DR,Unmethylated,0.49014488138831397
54,HG00512_hap2,APR,Methylated,0.5236486486486487
55,HG00512_hap2,APR,Unmethylated,0.47635135135135137
56,HG00512_hap2,Z,Methylated,0.5289053183877892
57,HG00512_hap2,Z,Unmethylated,0.47109468161221085
58,HG00512_hap2,G4,Methylated,0.5480652692548129
59,HG00512_hap2,G4,Unmethylated,0.4519347307451871
60,HG03732_hap1,IR,Methylated,0.5507960460048333
61,HG03732_hap1,IR,Unmethylated,0.44920395399516666
62,HG03732_hap1,MR,Methylated,0.530209580612852
63,HG03732_hap1,MR,Unmethylated,0.46979041938714805
64,HG03732_hap1,DR,Methylated,0.5681174216042947
65,HG03732_hap1,DR,Unmethylated,0.43188257839570526
66,HG03732_hap1,APR,Methylated,0.566651559636643
67,HG03732_hap1,APR,Unmethylated,0.4333484403633569
68,HG03732_hap1,Z,Methylated,0.5680932365303782
69,HG03732_hap1,Z,Unmethylated,0.4319067634696217
70,HG03732_hap1,G4,Methylated,0.5771374778499705
71,HG03732_hap1,G4,Unmethylated,0.4228625221500295
72,HG03009_hap1,IR,Methylated,0.3618477563515591
73,HG03009_hap1,IR,Unmethylated,0.6381522436484409
74,HG03009_hap1,MR,Methylated,0.3424454141889193
75,HG03009_hap1,MR,Unmethylated,0.6575545858110807
76,HG03009_hap1,DR,Methylated,0.36304319847714367
77,HG03009_hap1,DR,Unmethylated,0.6369568015228563
78,HG03009_hap1,APR,Methylated,0.359681631637856
79,HG03009_hap1,APR,Unmethylated,0.6403183683621441
80,HG03009_hap1,Z,Methylated,0.371734802630256
81,HG03009_hap1,Z,Unmethylated,0.6282651973697441
82,HG03009_hap1,G4,Methylated,0.3858073762232125
83,HG03009_hap1,G4,Unmethylated,0.6141926237767875
84,NA19836_hap1,IR,Methylated,0.48878566653438343
85,NA19836_hap1,IR,Unmethylated,0.5112143334656166
86,NA19836_hap1,MR,Methylated,0.4677116599495168
87,NA19836_hap1,MR,Unmethylated,0.5322883400504832
88,NA19836_hap1,DR,Methylated,0.4872063393518061
89,NA19836_hap1,DR,Unmethylated,0.512793660648194
90,NA19836_hap1,APR,Methylated,0.4926927266810973
91,NA19836_hap1,APR,Unmethylated,0.5073072733189027
92,NA19836_hap1,Z,Methylated,0.5061581342163566
93,NA19836_hap1,Z,Unmethylated,0.4938418657836434
94,NA19836_hap1,G4,Methylated,0.5110328155539553
95,NA19836_hap1,G4,Unmethylated,0.48896718444604464
96,HG03065_hap1,IR,Methylated,0.3498033306679362
97,HG03065_hap1,IR,Unmethylated,0.6501966693320638
98,HG03065_hap1,MR,Methylated,0.329803128522767
99,HG03065_hap1,MR,Unmethylated,0.670196871477233
100,HG03065_hap1,DR,Methylated,0.3385569473022629
101,HG03065_hap1,DR,Unmethylated,0.6614430526977372
102,HG03065_hap1,APR,Methylated,0.3487217871948411
103,HG03065_hap1,APR,Unmethylated,0.651278212805159
104,HG03065_hap1,Z,Methylated,0.3631606279710782
105,HG03065_hap1,Z,Unmethylated,0.6368393720289218
106,HG03065_hap1,G4,Methylated,0.3768020531131444
107,HG03065_hap1,G4,Unmethylated,0.6231979468868556
108,NA18534_hap1,IR,Methylated,0.5189202797642931
109,NA18534_hap1,IR,Unmethylated,0.48107972023570694
110,NA18534_hap1,MR,Methylated,0.5027919211677806
111,NA18534_hap1,MR,Unmethylated,0.49720807883221946
112,NA18534_hap1,DR,Methylated,0.5107004598611526
113,NA18534_hap1,DR,Unmethylated,0.48929954013884736
114,NA18534_hap1,APR,Methylated,0.5170940170940171
115,NA18534_hap1,APR,Unmethylated,0.4829059829059829
116,NA18534_hap1,Z,Methylated,0.5375442938297992
117,NA18534_hap1,Z,Unmethylated,0.4624557061702008
118,NA18534_hap1,G4,Methylated,0.5434705042816366
119,NA18534_hap1,G4,Unmethylated,0.4565294957183635
120,NA19384_hap2,IR,Methylated,0.46407129326198476
121,NA19384_hap2,IR,Unmethylated,0.5359287067380153
122,NA19384_hap2,MR,Methylated,0.44780657511634836
123,NA19384_hap2,MR,Unmethylated,0.5521934248836516
124,NA19384_hap2,DR,Methylated,0.4780054620100921
125,NA19384_hap2,DR,Unmethylated,0.5219945379899079
126,NA19384_hap2,APR,Methylated,0.47063470768863847
127,NA19384_hap2,APR,Unmethylated,0.5293652923113615
128,NA19384_hap2,Z,Methylated,0.4808091666463072
129,NA19384_hap2,Z,Unmethylated,0.5191908333536928
130,NA19384_hap2,G4,Methylated,0.48980073413738856
131,NA19384_hap2,G4,Unmethylated,0.5101992658626114
132,NA19434_hap2,IR,Methylated,0.46731630819191333
133,NA19434_hap2,IR,Unmethylated,0.5326836918080867
134,NA19434_hap2,MR,Methylated,0.44732802853481335
135,NA19434_hap2,MR,Unmethylated,0.5526719714651867
136,NA19434_hap2,DR,Methylated,0.4690218362335037
137,NA19434_hap2,DR,Unmethylated,0.5309781637664963
138,NA19434_hap2,APR,Methylated,0.4659144588557623
139,NA19434_hap2,APR,Unmethylated,0.5340855411442377
140,NA19434_hap2,Z,Methylated,0.4834372252857029
141,NA19434_hap2,Z,Unmethylated,0.5165627747142971
142,NA19434_hap2,G4,Methylated,0.48963145645906425
143,NA19434_hap2,G4,Unmethylated,0.5103685435409357
144,NA19239_hap1,IR,Methylated,0.503468345234058
145,NA19239_hap1,IR,Unmethylated,0.49653165476594197
146,NA19239_hap1,MR,Methylated,0.4836690286538928
147,NA19239_hap1,MR,Unmethylated,0.5163309713461073
148,NA19239_hap1,DR,Methylated,0.5071075541851818
149,NA19239_hap1,DR,Unmethylated,0.49289244581481817
150,NA19239_hap1,APR,Methylated,0.5185230921215115
151,NA19239_hap1,APR,Unmethylated,0.4814769078784885
152,NA19239_hap1,Z,Methylated,0.5145370871683812
153,NA19239_hap1,Z,Unmethylated,0.48546291283161885
154,NA19239_hap1,G4,Methylated,0.5149745213608121
155,NA19239_hap1,G4,Unmethylated,0.4850254786391879
156,NA18989_hap2,IR,Methylated,0.5419072080558888
157,NA18989_hap2,IR,Unmethylated,0.4580927919441112
158,NA18989_hap2,MR,Methylated,0.526265037208217
159,NA18989_hap2,MR,Unmethylated,0.473734962791783
160,NA18989_hap2,DR,Methylated,0.5490693563481335
161,NA18989_hap2,DR,Unmethylated,0.45093064365186647
162,NA18989_hap2,APR,Methylated,0.5384834907679575
163,NA18989_hap2,APR,Unmethylated,0.46151650923204246
164,NA18989_hap2,Z,Methylated,0.5615312191425357
165,NA18989_hap2,Z,Unmethylated,0.4384687808574643
166,NA18989_hap2,G4,Methylated,0.5595340282035561
167,NA18989_hap2,G4,Unmethylated,0.4404659717964439
168,HG04217_hap1,IR,Methylated,0.588769029883966
169,HG04217_hap1,IR,Unmethylated,0.41123097011603404
170,HG04217_hap1,MR,Methylated,0.5760702378171426
171,HG04217_hap1,MR,Unmethylated,0.4239297621828574
172,HG04217_hap1,DR,Methylated,0.5869563621144145
173,HG04217_hap1,DR,Unmethylated,0.41304363788558546
174,HG04217_hap1,APR,Methylated,0.5892851284406679
175,HG04217_hap1,APR,Unmethylated,0.41071487155933206
176,HG04217_hap1,Z,Methylated,0.6016165081345184
177,HG04217_hap1,Z,Unmethylated,0.39838349186548155
178,HG04217_hap1,G4,Methylated,0.6098734106625028
179,HG04217_hap1,G4,Unmethylated,0.3901265893374972
180,NA19836_hap2,IR,Methylated,0.4876552149752687
181,NA19836_hap2,IR,Unmethylated,0.5123447850247314
182,NA19836_hap2,MR,Methylated,0.46644578493065564
183,NA19836_hap2,MR,Unmethylated,0.5335542150693444
184,NA19836_hap2,DR,Methylated,0.502948347317611
185,NA19836_hap2,DR,Unmethylated,0.497051652682389
186,NA19836_hap2,APR,Methylated,0.49866226214201864
187,NA19836_hap2,APR,Unmethylated,0.5013377378579814
188,NA19836_hap2,Z,Methylated,0.501941323776047
189,NA19836_hap2,Z,Unmethylated,0.49805867622395295
190,NA19836_hap2,G4,Methylated,0.5084517789475046
191,NA19836_hap2,G4,Unmethylated,0.49154822105249546
192,HG03371_hap2,IR,Methylated,0.5467690253671562
193,HG03371_hap2,IR,Unmethylated,0.4532309746328438
194,HG03371_hap2,MR,Methylated,0.5277186854096915
195,HG03371_hap2,MR,Unmethylated,0.4722813145903086
196,HG03371_hap2,DR,Methylated,0.551795721775947
197,HG03371_hap2,DR,Unmethylated,0.4482042782240529
198,HG03371_hap2,APR,Methylated,0.5494516483882796
199,HG03371_hap2,APR,Unmethylated,0.4505483516117204
200,HG03371_hap2,Z,Methylated,0.5624525148153776
201,HG03371_hap2,Z,Unmethylated,0.4375474851846224
202,HG03371_hap2,G4,Methylated,0.5759409495943609
203,HG03371_hap2,G4,Unmethylated,0.42405905040563907
204,HG03371_hap1,IR,Methylated,0.5455758677940186
205,HG03371_hap1,IR,Unmethylated,0.4544241322059815
206,HG03371_hap1,MR,Methylated,0.5289829898439823
207,HG03371_hap1,MR,Unmethylated,0.4710170101560177
208,HG03371_hap1,DR,Methylated,0.5485681393006188
209,HG03371_hap1,DR,Unmethylated,0.4514318606993812
210,HG03371_hap1,APR,Methylated,0.5517061163935532
211,HG03371_hap1,APR,Unmethylated,0.44829388360644684
212,HG03371_hap1,Z,Methylated,0.5634264315805898
213,HG03371_hap1,Z,Unmethylated,0.4365735684194102
214,HG03371_hap1,G4,Methylated,0.5692664604507292
215,HG03371_hap1,G4,Unmethylated,0.4307335395492709
216,HG01457_hap1,IR,Methylated,0.5766434058890826
217,HG01457_hap1,IR,Unmethylated,0.4233565941109175
218,HG01457_hap1,MR,Methylated,0.5652477044910416
219,HG01457_hap1,MR,Unmethylated,0.4347522955089584
220,HG01457_hap1,DR,Methylated,0.5761474164593661
221,HG01457_hap1,DR,Unmethylated,0.42385258354063393
222,HG01457_hap1,APR,Methylated,0.5788501469676132
223,HG01457_hap1,APR,Unmethylated,0.42114985303238683
224,HG01457_hap1,Z,Methylated,0.5928680766660199
225,HG01457_hap1,Z,Unmethylated,0.40713192333398013
226,HG01457_hap1,G4,Methylated,0.6049802301301701
227,HG01457_hap1,G4,Unmethylated,0.39501976986982984
228,HG02666_hap2,IR,Methylated,0.5600473428514773
229,HG02666_hap2,IR,Unmethylated,0.4399526571485227
230,HG02666_hap2,MR,Methylated,0.5461240920533142
231,HG02666_hap2,MR,Unmethylated,0.45387590794668575
232,HG02666_hap2,DR,Methylated,0.5741393204520324
233,HG02666_hap2,DR,Unmethylated,0.4258606795479675
234,HG02666_hap2,APR,Methylated,0.5827183669946487
235,HG02666_hap2,APR,Unmethylated,0.41728163300535126
236,HG02666_hap2,Z,Methylated,0.5711366103932046
237,HG02666_hap2,Z,Unmethylated,0.4288633896067954
238,HG02666_hap2,G4,Methylated,0.5829069367112651
239,HG02666_hap2,G4,Unmethylated,0.4170930632887348
240,HG03807_hap2,IR,Methylated,0.5909372565786006
241,HG03807_hap2,IR,Unmethylated,0.4090627434213994
242,HG03807_hap2,MR,Methylated,0.5799836704710994
243,HG03807_hap2,MR,Unmethylated,0.42001632952890056
244,HG03807_hap2,DR,Methylated,0.5933326542623025
245,HG03807_hap2,DR,Unmethylated,0.40666734573769747
246,HG03807_hap2,APR,Methylated,0.5934631279944409
247,HG03807_hap2,APR,Unmethylated,0.40653687200555916
248,HG03807_hap2,Z,Methylated,0.6029258933567831
249,HG03807_hap2,Z,Unmethylated,0.3970741066432169
250,HG03807_hap2,G4,Methylated,0.61144168650119
251,HG03807_hap2,G4,Unmethylated,0.3885583134988099
252,HG03065_hap2,IR,Methylated,0.3499952709732337
253,HG03065_hap2,IR,Unmethylated,0.6500047290267663
254,HG03065_hap2,MR,Methylated,0.3330947648098356
255,HG03065_hap2,MR,Unmethylated,0.6669052351901644
256,HG03065_hap2,DR,Methylated,0.3431590096807025
257,HG03065_hap2,DR,Unmethylated,0.6568409903192975
258,HG03065_hap2,APR,Methylated,0.34841797326079704
259,HG03065_hap2,APR,Unmethylated,0.651582026739203
260,HG03065_hap2,Z,Methylated,0.3694488672332099
261,HG03065_hap2,Z,Unmethylated,0.6305511327667901
262,HG03065_hap2,G4,Methylated,0.3838725911635807
263,HG03065_hap2,G4,Unmethylated,0.6161274088364193
264,NA19705_hap2,IR,Methylated,0.5411528514484427
265,NA19705_hap2,IR,Unmethylated,0.4588471485515573
266,NA19705_hap2,MR,Methylated,0.5255770136599152
267,NA19705_hap2,MR,Unmethylated,0.4744229863400848
268,NA19705_hap2,DR,Methylated,0.5337194844015021
269,NA19705_hap2,DR,Unmethylated,0.466280515598498
270,NA19705_hap2,APR,Methylated,0.5375903143917203
271,NA19705_hap2,APR,Unmethylated,0.4624096856082796
272,NA19705_hap2,Z,Methylated,0.5517635693302577
273,NA19705_hap2,Z,Unmethylated,0.44823643066974234
274,NA19705_hap2,G4,Methylated,0.5598882869262106
275,NA19705_hap2,G4,Unmethylated,0.44011171307378943
276,NA19650_hap2,IR,Methylated,0.6104874448484336
277,NA19650_hap2,IR,Unmethylated,0.38951255515156635
278,NA19650_hap2,MR,Methylated,0.5968643247832869
279,NA19650_hap2,MR,Unmethylated,0.40313567521671306
280,NA19650_hap2,DR,Methylated,0.601478148424605
281,NA19650_hap2,DR,Unmethylated,0.39852185157539505
282,NA19650_hap2,APR,Methylated,0.6150632451534066
283,NA19650_hap2,APR,Unmethylated,0.38493675484659334
284,NA19650_hap2,Z,Methylated,0.6240768310126398
285,NA19650_hap2,Z,Unmethylated,0.3759231689873602
286,NA19650_hap2,G4,Methylated,0.6279011020240614
287,NA19650_hap2,G4,Unmethylated,0.3720988979759386
288,HG00268_hap2,IR,Methylated,0.5668889449686138
289,HG00268_hap2,IR,Unmethylated,0.4331110550313863
290,HG00268_hap2,MR,Methylated,0.5521392261095999
291,HG00268_hap2,MR,Unmethylated,0.44786077389040013
292,HG00268_hap2,DR,Methylated,0.5626372416294751
293,HG00268_hap2,DR,Unmethylated,0.43736275837052485
294,HG00268_hap2,APR,Methylated,0.5679322201105486
295,HG00268_hap2,APR,Unmethylated,0.43206777988945144
296,HG00268_hap2,Z,Methylated,0.5786216994945916
297,HG00268_hap2,Z,Unmethylated,0.42137830050540837
298,HG00268_hap2,G4,Methylated,0.5863174211176208
299,HG00268_hap2,G4,Unmethylated,0.4136825788823792
300,HG03248_hap1,IR,Methylated,0.5094790089933604
301,HG03248_hap1,IR,Unmethylated,0.49052099100663954
302,HG03248_hap1,MR,Methylated,0.4909309603389181
303,HG03248_hap1,MR,Unmethylated,0.5090690396610819
304,HG03248_hap1,DR,Methylated,0.5155327812600082
305,HG03248_hap1,DR,Unmethylated,0.48446721873999177
306,HG03248_hap1,APR,Methylated,0.5256570044868599
307,HG03248_hap1,APR,Unmethylated,0.4743429955131401
308,HG03248_hap1,Z,Methylated,0.5217143219425601
309,HG03248_hap1,Z,Unmethylated,0.47828567805743993
310,HG03248_hap1,G4,Methylated,0.5238737201365188
311,HG03248_hap1,G4,Unmethylated,0.4761262798634812
312,NA19331_hap2,IR,Methylated,0.35342306191670964
313,NA19331_hap2,IR,Unmethylated,0.6465769380832904
314,NA19331_hap2,MR,Methylated,0.3333912350740793
315,NA19331_hap2,MR,Unmethylated,0.6666087649259207
316,NA19331_hap2,DR,Methylated,0.35771680482494694
317,NA19331_hap2,DR,Unmethylated,0.6422831951750531
318,NA19331_hap2,APR,Methylated,0.36657947659669554
319,NA19331_hap2,APR,Unmethylated,0.6334205234033045
320,NA19331_hap2,Z,Methylated,0.36971374869828044
321,NA19331_hap2,Z,Unmethylated,0.6302862513017196
322,NA19331_hap2,G4,Methylated,0.3706085186964755
323,NA19331_hap2,G4,Unmethylated,0.6293914813035245
324,HG03009_hap2,IR,Methylated,0.36165454461224866
325,HG03009_hap2,IR,Unmethylated,0.6383454553877513
326,HG03009_hap2,MR,Methylated,0.3408696514452873
327,HG03009_hap2,MR,Unmethylated,0.6591303485547126
328,HG03009_hap2,DR,Methylated,0.37125434876457
329,HG03009_hap2,DR,Unmethylated,0.62874565123543
330,HG03009_hap2,APR,Methylated,0.36763927688009945
331,HG03009_hap2,APR,Unmethylated,0.6323607231199005
332,HG03009_hap2,Z,Methylated,0.37620628725655814
333,HG03009_hap2,Z,Unmethylated,0.6237937127434419
334,HG03009_hap2,G4,Methylated,0.3739415578111685
335,HG03009_hap2,G4,Unmethylated,0.6260584421888314
336,HG01890_hap2,IR,Methylated,0.5402926485050867
337,HG01890_hap2,IR,Unmethylated,0.45970735149491326
338,HG01890_hap2,MR,Methylated,0.5254585659601739
339,HG01890_hap2,MR,Unmethylated,0.4745414340398261
340,HG01890_hap2,DR,Methylated,0.5429631957055443
341,HG01890_hap2,DR,Unmethylated,0.45703680429445565
342,HG01890_hap2,APR,Methylated,0.5488668931111347
343,HG01890_hap2,APR,Unmethylated,0.4511331068888653
344,HG01890_hap2,Z,Methylated,0.5592277170231298
345,HG01890_hap2,Z,Unmethylated,0.4407722829768702
346,HG01890_hap2,G4,Methylated,0.5574987434433518
347,HG01890_hap2,G4,Unmethylated,0.4425012565566481
348,HG00096_hap1,IR,Methylated,0.6163675777665508
349,HG00096_hap1,IR,Unmethylated,0.3836324222334492
350,HG00096_hap1,MR,Methylated,0.6065807906889104
351,HG00096_hap1,MR,Unmethylated,0.3934192093110897
352,HG00096_hap1,DR,Methylated,0.610718510991684
353,HG00096_hap1,DR,Unmethylated,0.3892814890083161
354,HG00096_hap1,APR,Methylated,0.6182762590698546
355,HG00096_hap1,APR,Unmethylated,0.3817237409301454
356,HG00096_hap1,Z,Methylated,0.6212230703220271
357,HG00096_hap1,Z,Unmethylated,0.378776929677973
358,HG00096_hap1,G4,Methylated,0.6397232932075425
359,HG00096_hap1,G4,Unmethylated,0.3602767067924575
360,NA19317_hap2,IR,Methylated,0.6309666391303478
361,NA19317_hap2,IR,Unmethylated,0.3690333608696522
362,NA19317_hap2,MR,Methylated,0.6151801551097263
363,NA19317_hap2,MR,Unmethylated,0.38481984489027365
364,NA19317_hap2,DR,Methylated,0.6215273185325145
365,NA19317_hap2,DR,Unmethylated,0.3784726814674854
366,NA19317_hap2,APR,Methylated,0.6382056921948943
367,NA19317_hap2,APR,Unmethylated,0.36179430780510563
368,NA19317_hap2,Z,Methylated,0.6399776972400335
369,NA19317_hap2,Z,Unmethylated,0.36002230275996655
370,NA19317_hap2,G4,Methylated,0.6421350026313603
371,NA19317_hap2,G4,Unmethylated,0.35786499736863975
372,HG00096_hap2,IR,Methylated,0.6199836964614255
373,HG00096_hap2,IR,Unmethylated,0.3800163035385745
374,HG00096_hap2,MR,Methylated,0.6096192022620911
375,HG00096_hap2,MR,Unmethylated,0.3903807977379089
376,HG00096_hap2,DR,Methylated,0.623073030448896
377,HG00096_hap2,DR,Unmethylated,0.37692696955110405
378,HG00096_hap2,APR,Methylated,0.6158237819243499
379,HG00096_hap2,APR,Unmethylated,0.38417621807565006
380,HG00096_hap2,Z,Methylated,0.6239800347222222
381,HG00096_hap2,Z,Unmethylated,0.37601996527777776
382,HG00096_hap2,G4,Methylated,0.6277270284793122
383,HG00096_hap2,G4,Unmethylated,0.3722729715206878
384,HG00733_hap1,IR,Methylated,0.5006908345995559
385,HG00733_hap1,IR,Unmethylated,0.4993091654004442
386,HG00733_hap1,MR,Methylated,0.4833233114413563
387,HG00733_hap1,MR,Unmethylated,0.5166766885586437
388,HG00733_hap1,DR,Methylated,0.4993894489703219
389,HG00733_hap1,DR,Unmethylated,0.5006105510296781
390,HG00733_hap1,APR,Methylated,0.5035966543959832
391,HG00733_hap1,APR,Unmethylated,0.49640334560401683
392,HG00733_hap1,Z,Methylated,0.5208396189819404
393,HG00733_hap1,Z,Unmethylated,0.4791603810180596
394,HG00733_hap1,G4,Methylated,0.5249508983778279
395,HG00733_hap1,G4,Unmethylated,0.4750491016221721
396,HG00512_hap1,IR,Methylated,0.5116456240775817
397,HG00512_hap1,IR,Unmethylated,0.48835437592241826
398,HG00512_hap1,MR,Methylated,0.49063405770977836
399,HG00512_hap1,MR,Unmethylated,0.5093659422902216
400,HG00512_hap1,DR,Methylated,0.5142243708152175
401,HG00512_hap1,DR,Unmethylated,0.48577562918478245
402,HG00512_hap1,APR,Methylated,0.5222261113055653
403,HG00512_hap1,APR,Unmethylated,0.4777738886944347
404,HG00512_hap1,Z,Methylated,0.5282783143529864
405,HG00512_hap1,Z,Unmethylated,0.4717216856470136
406,HG00512_hap1,G4,Methylated,0.5333315506591437
407,HG00512_hap1,G4,Unmethylated,0.4666684493408562
408,HG03456_hap2,IR,Methylated,0.5887126773471827
409,HG03456_hap2,IR,Unmethylated,0.4112873226528173
410,HG03456_hap2,MR,Methylated,0.5749745431064152
411,HG03456_hap2,MR,Unmethylated,0.42502545689358484
412,HG03456_hap2,DR,Methylated,0.5824758288743102
413,HG03456_hap2,DR,Unmethylated,0.41752417112568985
414,HG03456_hap2,APR,Methylated,0.5894055466476632
415,HG03456_hap2,APR,Unmethylated,0.41059445335233685
416,HG03456_hap2,Z,Methylated,0.6042830242874924
417,HG03456_hap2,Z,Unmethylated,0.3957169757125076
418,HG03456_hap2,G4,Methylated,0.618565787020559
419,HG03456_hap2,G4,Unmethylated,0.381434212979441
420,HG04217_hap2,IR,Methylated,0.5891644313384139
421,HG04217_hap2,IR,Unmethylated,0.4108355686615861
422,HG04217_hap2,MR,Methylated,0.5758776156701557
423,HG04217_hap2,MR,Unmethylated,0.4241223843298442
424,HG04217_hap2,DR,Methylated,0.5925397102913276
425,HG04217_hap2,DR,Unmethylated,0.4074602897086725
426,HG04217_hap2,APR,Methylated,0.5960369523350987
427,HG04217_hap2,APR,Unmethylated,0.4039630476649013
428,HG04217_hap2,Z,Methylated,0.6016238799695194
429,HG04217_hap2,Z,Unmethylated,0.3983761200304806
430,HG04217_hap2,G4,Methylated,0.6013882714013223
431,HG04217_hap2,G4,Unmethylated,0.3986117285986777
432,HG00268_hap1,IR,Methylated,0.5678839830747837
433,HG00268_hap1,IR,Unmethylated,0.43211601692521634
434,HG00268_hap1,MR,Methylated,0.5542147074971707
435,HG00268_hap1,MR,Unmethylated,0.4457852925028292
436,HG00268_hap1,DR,Methylated,0.5670185452837898
437,HG00268_hap1,DR,Unmethylated,0.4329814547162102
438,HG00268_hap1,APR,Methylated,0.5709640316373912
439,HG00268_hap1,APR,Unmethylated,0.4290359683626088
440,HG00268_hap1,Z,Methylated,0.5874943875983647
441,HG00268_hap1,Z,Unmethylated,0.4125056124016353
442,HG00268_hap1,G4,Methylated,0.5864937702612975
443,HG00268_hap1,G4,Unmethylated,0.4135062297387025
444,HG03456_hap1,IR,Methylated,0.5862936680447229
445,HG03456_hap1,IR,Unmethylated,0.4137063319552771
446,HG03456_hap1,MR,Methylated,0.5718291721789062
447,HG03456_hap1,MR,Unmethylated,0.42817082782109384
448,HG03456_hap1,DR,Methylated,0.5975090570841085
449,HG03456_hap1,DR,Unmethylated,0.4024909429158915
450,HG03456_hap1,APR,Methylated,0.5915144930076057
451,HG03456_hap1,APR,Unmethylated,0.4084855069923942
452,HG03456_hap1,Z,Methylated,0.6035148017249765
453,HG03456_hap1,Z,Unmethylated,0.3964851982750235
454,HG03456_hap1,G4,Methylated,0.6159395278199641
455,HG03456_hap1,G4,Unmethylated,0.3840604721800359
456,HG02666_hap1,IR,Methylated,0.5596832684964844
457,HG02666_hap1,IR,Unmethylated,0.4403167315035156
458,HG02666_hap1,MR,Methylated,0.5473031424777692
459,HG02666_hap1,MR,Unmethylated,0.4526968575222307
460,HG02666_hap1,DR,Methylated,0.5555094261815466
461,HG02666_hap1,DR,Unmethylated,0.44449057381845336
462,HG02666_hap1,APR,Methylated,0.5577676652761977
463,HG02666_hap1,APR,Unmethylated,0.4422323347238023
464,HG02666_hap1,Z,Methylated,0.5683290089280242
465,HG02666_hap1,Z,Unmethylated,0.4316709910719758
466,HG02666_hap1,G4,Methylated,0.5860209148029351
467,HG02666_hap1,G4,Unmethylated,0.4139790851970649
468,HG03248_hap2,IR,Methylated,0.5065938982473085
469,HG03248_hap2,IR,Unmethylated,0.4934061017526915
470,HG03248_hap2,MR,Methylated,0.48959831001239934
471,HG03248_hap2,MR,Unmethylated,0.5104016899876006
472,HG03248_hap2,DR,Methylated,0.5054510821864087
473,HG03248_hap2,DR,Unmethylated,0.4945489178135913
474,HG03248_hap2,APR,Methylated,0.5206800961005359
475,HG03248_hap2,APR,Unmethylated,0.47931990389946405
476,HG03248_hap2,Z,Methylated,0.5218080888183981
477,HG03248_hap2,Z,Unmethylated,0.4781919111816019
478,HG03248_hap2,G4,Methylated,0.531200351553257
479,HG03248_hap2,G4,Unmethylated,0.46879964844674304
480,NA18534_hap2,IR,Methylated,0.518287526092231
481,NA18534_hap2,IR,Unmethylated,0.4817124739077689
482,NA18534_hap2,MR,Methylated,0.5017834386746841
483,NA18534_hap2,MR,Unmethylated,0.4982165613253159
484,NA18534_hap2,DR,Methylated,0.5218392306059468
485,NA18534_hap2,DR,Unmethylated,0.4781607693940532
486,NA18534_hap2,APR,Methylated,0.5216326390791998
487,NA18534_hap2,APR,Unmethylated,0.47836736092080023
488,NA18534_hap2,Z,Methylated,0.530412613960706
489,NA18534_hap2,Z,Unmethylated,0.46958738603929395
490,NA18534_hap2,G4,Methylated,0.5446294586171072
491,NA18534_hap2,G4,Unmethylated,0.45537054138289274
492,HG01457_hap2,IR,Methylated,0.5755106519293537
493,HG01457_hap2,IR,Unmethylated,0.42448934807064626
494,HG01457_hap2,MR,Methylated,0.5624037923779595
495,HG01457_hap2,MR,Unmethylated,0.43759620762204055
496,HG01457_hap2,DR,Methylated,0.5752577192158413
497,HG01457_hap2,DR,Unmethylated,0.4247422807841586
498,HG01457_hap2,APR,Methylated,0.5746024004985234
499,HG01457_hap2,APR,Unmethylated,0.4253975995014766
500,HG01457_hap2,Z,Methylated,0.5879122071944946
501,HG01457_hap2,Z,Unmethylated,0.4120877928055055
502,HG01457_hap2,G4,Methylated,0.6059680451127819
503,HG01457_hap2,G4,Unmethylated,0.39403195488721804
504,HG02492_hap2,IR,Methylated,0.5323190870551119
505,HG02492_hap2,IR,Unmethylated,0.4676809129448881
506,HG02492_hap2,MR,Methylated,0.5171322506529877
507,HG02492_hap2,MR,Unmethylated,0.4828677493470122
508,HG02492_hap2,DR,Methylated,0.5274764888926059
509,HG02492_hap2,DR,Unmethylated,0.47252351110739405
510,HG02492_hap2,APR,Methylated,0.5346000818056743
511,HG02492_hap2,APR,Unmethylated,0.46539991819432563
512,HG02492_hap2,Z,Methylated,0.5493103600229146
513,HG02492_hap2,Z,Unmethylated,0.45068963997708544
514,HG02492_hap2,G4,Methylated,0.5476856546012046
515,HG02492_hap2,G4,Unmethylated,0.4523143453987955
516,NA19650_hap1,IR,Methylated,0.6077405253427823
517,NA19650_hap1,IR,Unmethylated,0.39225947465721767
518,NA19650_hap1,MR,Methylated,0.5967280781895979
519,NA19650_hap1,MR,Unmethylated,0.40327192181040206
520,NA19650_hap1,DR,Methylated,0.6097188891484557
521,NA19650_hap1,DR,Unmethylated,0.3902811108515443
522,NA19650_hap1,APR,Methylated,0.6116245013381811
523,NA19650_hap1,APR,Unmethylated,0.3883754986618189
524,NA19650_hap1,Z,Methylated,0.6267589321906306
525,NA19650_hap1,Z,Unmethylated,0.3732410678093694
526,NA19650_hap1,G4,Methylated,0.6285836824915048
527,NA19650_hap1,G4,Unmethylated,0.37141631750849524
528,HG02011_hap2,IR,Methylated,0.5639459084695949
529,HG02011_hap2,IR,Unmethylated,0.4360540915304051
530,HG02011_hap2,MR,Methylated,0.5492474312080399
531,HG02011_hap2,MR,Unmethylated,0.45075256879196013
532,HG02011_hap2,DR,Methylated,0.5599042271831401
533,HG02011_hap2,DR,Unmethylated,0.44009577281685985
534,HG02011_hap2,APR,Methylated,0.5641081345300004
535,HG02011_hap2,APR,Unmethylated,0.4358918654699996
536,HG02011_hap2,Z,Methylated,0.580196380527514
537,HG02011_hap2,Z,Unmethylated,0.419803619472486
538,HG02011_hap2,G4,Methylated,0.5820355354913557
539,HG02011_hap2,G4,Unmethylated,0.4179644645086443
540,HG02106_hap2,IR,Methylated,0.5944780841720536
541,HG02106_hap2,IR,Unmethylated,0.40552191582794644
542,HG02106_hap2,MR,Methylated,0.5771317862684417
543,HG02106_hap2,MR,Unmethylated,0.42286821373155825
544,HG02106_hap2,DR,Methylated,0.6008902688666933
545,HG02106_hap2,DR,Unmethylated,0.3991097311333068
546,HG02106_hap2,APR,Methylated,0.601712200468982
547,HG02106_hap2,APR,Unmethylated,0.398287799531018
548,HG02106_hap2,Z,Methylated,0.5990621336459554
549,HG02106_hap2,Z,Unmethylated,0.40093786635404455
550,HG02106_hap2,G4,Methylated,0.5980018964119337
551,HG02106_hap2,G4,Unmethylated,0.40199810358806637
552,HG03732_hap2,IR,Methylated,0.5515410677915383
553,HG03732_hap2,IR,Unmethylated,0.4484589322084616
554,HG03732_hap2,MR,Methylated,0.5334656159646238
555,HG03732_hap2,MR,Unmethylated,0.46653438403537617
556,HG03732_hap2,DR,Methylated,0.5557904560012904
557,HG03732_hap2,DR,Unmethylated,0.44420954399870966
558,HG03732_hap2,APR,Methylated,0.5532524510901196
559,HG03732_hap2,APR,Unmethylated,0.44674754890988044
560,HG03732_hap2,Z,Methylated,0.5756672491177579
561,HG03732_hap2,Z,Unmethylated,0.4243327508822421
562,HG03732_hap2,G4,Methylated,0.5789658317547183
563,HG03732_hap2,G4,Unmethylated,0.42103416824528167
564,HG02011_hap1,IR,Methylated,0.5614893909149478
565,HG02011_hap1,IR,Unmethylated,0.43851060908505224
566,HG02011_hap1,MR,Methylated,0.5429726968744593
567,HG02011_hap1,MR,Unmethylated,0.4570273031255408
568,HG02011_hap1,DR,Methylated,0.5752367449238419
569,HG02011_hap1,DR,Unmethylated,0.4247632550761581
570,HG02011_hap1,APR,Methylated,0.5773628634606062
571,HG02011_hap1,APR,Unmethylated,0.4226371365393939
572,HG02011_hap1,Z,Methylated,0.5785716008586796
573,HG02011_hap1,Z,Unmethylated,0.42142839914132035
574,HG02011_hap1,G4,Methylated,0.5790334102648643
575,HG02011_hap1,G4,Unmethylated,0.42096658973513573
576,NA19347_hap1,IR,Methylated,0.3481104865055773
577,NA19347_hap1,IR,Unmethylated,0.6518895134944227
578,NA19347_hap1,MR,Methylated,0.3309993921923801
579,NA19347_hap1,MR,Unmethylated,0.6690006078076198
580,NA19347_hap1,DR,Methylated,0.362129043498461
581,NA19347_hap1,DR,Unmethylated,0.637870956501539
582,NA19347_hap1,APR,Methylated,0.35636134216599424
583,NA19347_hap1,APR,Unmethylated,0.6436386578340058
584,NA19347_hap1,Z,Methylated,0.3648652075777941
585,NA19347_hap1,Z,Unmethylated,0.6351347924222058
586,NA19347_hap1,G4,Methylated,0.3832206472393064
587,NA19347_hap1,G4,Unmethylated,0.6167793527606936
588,NA19317_hap1,IR,Methylated,0.6267317731245234
589,NA19317_hap1,IR,Unmethylated,0.37326822687547656
590,NA19317_hap1,MR,Methylated,0.6151118619992036
591,NA19317_hap1,MR,Unmethylated,0.3848881380007963
592,NA19317_hap1,DR,Methylated,0.6306561215384499
593,NA19317_hap1,DR,Unmethylated,0.3693438784615502
594,NA19317_hap1,APR,Methylated,0.6363355529621748
595,NA19317_hap1,APR,Unmethylated,0.36366444703782524
596,NA19317_hap1,Z,Methylated,0.6425378829172572
597,NA19317_hap1,Z,Unmethylated,0.35746211708274284
598,NA19317_hap1,G4,Methylated,0.6444487288952544
599,NA19317_hap1,G4,Unmethylated,0.35555127110474566
600,HG02282_hap1,IR,Methylated,0.4908940894089409
601,HG02282_hap1,IR,Unmethylated,0.5091059105910591
602,HG02282_hap1,MR,Methylated,0.4716466605862873
603,HG02282_hap1,MR,Unmethylated,0.5283533394137127
604,HG02282_hap1,DR,Methylated,0.48162674623253765
605,HG02282_hap1,DR,Unmethylated,0.5183732537674623
606,HG02282_hap1,APR,Methylated,0.49226455077035836
607,HG02282_hap1,APR,Unmethylated,0.5077354492296416
608,HG02282_hap1,Z,Methylated,0.5066232240145284
609,HG02282_hap1,Z,Unmethylated,0.49337677598547164
610,HG02282_hap1,G4,Methylated,0.5194542698332492
611,HG02282_hap1,G4,Unmethylated,0.4805457301667509
612,NA19331_hap1,IR,Methylated,0.35554848349490453
613,NA19331_hap1,IR,Unmethylated,0.6444515165050955
614,NA19331_hap1,MR,Methylated,0.3364316542465017
615,NA19331_hap1,MR,Unmethylated,0.6635683457534983
616,NA19331_hap1,DR,Methylated,0.35304436998745553
617,NA19331_hap1,DR,Unmethylated,0.6469556300125444
618,NA19331_hap1,APR,Methylated,0.3557162434032131
619,NA19331_hap1,APR,Unmethylated,0.6442837565967869
620,NA19331_hap1,Z,Methylated,0.3696551724137931
621,NA19331_hap1,Z,Unmethylated,0.6303448275862069
622,NA19331_hap1,G4,Methylated,0.38377236945858895
623,NA19331_hap1,G4,Unmethylated,0.616227630541411
624,NA19434_hap1,IR,Methylated,0.46733351250920224
625,NA19434_hap1,IR,Unmethylated,0.5326664874907978
626,NA19434_hap1,MR,Methylated,0.44560174837331745
627,NA19434_hap1,MR,Unmethylated,0.5543982516266825
628,NA19434_hap1,DR,Methylated,0.4682099104257964
629,NA19434_hap1,DR,Unmethylated,0.5317900895742036
630,NA19434_hap1,APR,Methylated,0.4663913913913914
631,NA19434_hap1,APR,Unmethylated,0.5336086086086086
632,NA19434_hap1,Z,Methylated,0.48233581881255233
633,NA19434_hap1,Z,Unmethylated,0.5176641811874476
634,NA19434_hap1,G4,Methylated,0.5024908125765618
635,NA19434_hap1,G4,Unmethylated,0.49750918742343814
636,HG00733_hap2,IR,Methylated,0.5004224114005842
637,HG00733_hap2,IR,Unmethylated,0.4995775885994158
638,HG00733_hap2,MR,Methylated,0.480433173660081
639,HG00733_hap2,MR,Unmethylated,0.519566826339919
640,HG00733_hap2,DR,Methylated,0.49683935765760656
641,HG00733_hap2,DR,Unmethylated,0.5031606423423934
642,HG00733_hap2,APR,Methylated,0.5061290989965863
643,HG00733_hap2,APR,Unmethylated,0.4938709010034137
644,HG00733_hap2,Z,Methylated,0.5116708540015891
645,HG00733_hap2,Z,Unmethylated,0.488329145998411
646,HG00733_hap2,G4,Methylated,0.5224472148158824
647,HG00733_hap2,G4,Unmethylated,0.4775527851841176
648,HG02106_hap1,IR,Methylated,0.5940661633152118
649,HG02106_hap1,IR,Unmethylated,0.4059338366847882
650,HG02106_hap1,MR,Methylated,0.5799322457245067
651,HG02106_hap1,MR,Unmethylated,0.4200677542754932
652,HG02106_hap1,DR,Methylated,0.6056254572497899
653,HG02106_hap1,DR,Unmethylated,0.3943745427502101
654,HG02106_hap1,APR,Methylated,0.6043901523278267
655,HG02106_hap1,APR,Unmethylated,0.39560984767217333
656,HG02106_hap1,Z,Methylated,0.6002456017242244
657,HG02106_hap1,Z,Unmethylated,0.39975439827577564
658,HG02106_hap1,G4,Methylated,0.6024394971479204
659,HG02106_hap1,G4,Unmethylated,0.3975605028520795
660,HG03520_hap2,IR,Methylated,0.44008688258358825
661,HG03520_hap2,IR,Unmethylated,0.5599131174164118
662,HG03520_hap2,MR,Methylated,0.4195396550191162
663,HG03520_hap2,MR,Unmethylated,0.5804603449808838
664,HG03520_hap2,DR,Methylated,0.44294313085111964
665,HG03520_hap2,DR,Unmethylated,0.5570568691488803
666,HG03520_hap2,APR,Methylated,0.4452517428350116
667,HG03520_hap2,APR,Unmethylated,0.5547482571649884
668,HG03520_hap2,Z,Methylated,0.45724424241018624
669,HG03520_hap2,Z,Unmethylated,0.5427557575898138
670,HG03520_hap2,G4,Methylated,0.47074402257313996
671,HG03520_hap2,G4,Unmethylated,0.52925597742686
672,HG00358_hap1,IR,Methylated,0.5873334303024718
673,HG00358_hap1,IR,Unmethylated,0.4126665696975283
674,HG00358_hap1,MR,Methylated,0.5733063610865116
675,HG00358_hap1,MR,Unmethylated,0.4266936389134884
676,HG00358_hap1,DR,Methylated,0.5953823664407734
677,HG00358_hap1,DR,Unmethylated,0.4046176335592266
678,HG00358_hap1,APR,Methylated,0.5877719182597232
679,HG00358_hap1,APR,Unmethylated,0.41222808174027686
680,HG00358_hap1,Z,Methylated,0.5970504281636536
681,HG00358_hap1,Z,Unmethylated,0.40294957183634633
682,HG00358_hap1,G4,Methylated,0.6169424774721907
683,HG00358_hap1,G4,Unmethylated,0.3830575225278093
684,NA19239_hap2,IR,Methylated,0.5069332119116763
685,NA19239_hap2,IR,Unmethylated,0.49306678808832366
686,NA19239_hap2,MR,Methylated,0.48650178200219196
687,NA19239_hap2,MR,Unmethylated,0.513498217997808
688,NA19239_hap2,DR,Methylated,0.4991884958879004
689,NA19239_hap2,DR,Unmethylated,0.5008115041120996
690,NA19239_hap2,APR,Methylated,0.5130625800883915
691,NA19239_hap2,APR,Unmethylated,0.48693741991160855
692,NA19239_hap2,G4,Methylated,0.5215073367617659
693,NA19239_hap2,G4,Unmethylated,0.47849266323823414
694,HG03807_hap1,IR,Methylated,0.5916824351925325
695,HG03807_hap1,IR,Unmethylated,0.40831756480746745
696,HG03807_hap1,MR,Methylated,0.5812120479967259
697,HG03807_hap1,MR,Unmethylated,0.41878795200327407
698,HG03807_hap1,DR,Methylated,0.5957538382080779
699,HG03807_hap1,DR,Unmethylated,0.4042461617919221
700,HG03807_hap1,APR,Methylated,0.5890947470149159
701,HG03807_hap1,APR,Unmethylated,0.4109052529850841
702,HG03807_hap1,Z,Methylated,0.6035056446821153
703,HG03807_hap1,Z,Unmethylated,0.39649435531788474
704,HG03807_hap1,G4,Methylated,0.6095192204732841
705,HG03807_hap1,G4,Unmethylated,0.39048077952671595
706,HG02492_hap1,IR,Methylated,0.5314518737931802
707,HG02492_hap1,IR,Unmethylated,0.46854812620681985
708,HG02492_hap1,MR,Methylated,0.5133742844054638
709,HG02492_hap1,MR,Unmethylated,0.48662571559453616
710,HG02492_hap1,DR,Methylated,0.5242502161551699
711,HG02492_hap1,DR,Unmethylated,0.4757497838448302
712,HG02492_hap1,APR,Methylated,0.5290541226645004
713,HG02492_hap1,APR,Unmethylated,0.4709458773354996
714,HG02492_hap1,Z,Methylated,0.5436683170525001
715,HG02492_hap1,Z,Unmethylated,0.4563316829474999
716,HG02492_hap1,G4,Methylated,0.5533369836344831
717,HG02492_hap1,G4,Unmethylated,0.4466630163655168
718,HG00731_hap2,IR,Methylated,0.5394059459679499
719,HG00731_hap2,IR,Unmethylated,0.46059405403205017
720,HG00731_hap2,MR,Methylated,0.5214971117849813
721,HG00731_hap2,MR,Unmethylated,0.47850288821501874
722,HG00731_hap2,DR,Methylated,0.5448456301636464
723,HG00731_hap2,DR,Unmethylated,0.4551543698363536
724,HG00731_hap2,APR,Methylated,0.5362756667453387
725,HG00731_hap2,APR,Unmethylated,0.46372433325466134
726,HG00731_hap2,Z,Methylated,0.5559494740796393
727,HG00731_hap2,Z,Unmethylated,0.44405052592036065
728,HG00731_hap2,G4,Methylated,0.5716084396342317
729,HG00731_hap2,G4,Unmethylated,0.42839156036576836
730,HG02282_hap2,IR,Methylated,0.4937082056856738
731,HG02282_hap2,IR,Unmethylated,0.5062917943143261
732,HG02282_hap2,MR,Methylated,0.47343457292040336
733,HG02282_hap2,MR,Unmethylated,0.5265654270795966
734,HG02282_hap2,DR,Methylated,0.49438193878045056
735,HG02282_hap2,DR,Unmethylated,0.5056180612195494
736,HG02282_hap2,APR,Methylated,0.49818507365508263
737,HG02282_hap2,APR,Unmethylated,0.5018149263449174
738,HG02282_hap2,Z,Methylated,0.5096270187805776
739,HG02282_hap2,Z,Unmethylated,0.49037298121942235
740,HG02282_hap2,G4,Methylated,0.5218084500626352
741,HG02282_hap2,G4,Unmethylated,0.4781915499373648
742,HG00731_hap1,IR,Methylated,0.5410370009077484
743,HG00731_hap1,IR,Unmethylated,0.45896299909225163
744,HG00731_hap1,MR,Methylated,0.5241213727101466
745,HG00731_hap1,MR,Unmethylated,0.47587862728985336
746,HG00731_hap1,DR,Methylated,0.5415820238011846
747,HG00731_hap1,DR,Unmethylated,0.4584179761988154
748,HG00731_hap1,APR,Methylated,0.5336564181640809
749,HG00731_hap1,APR,Unmethylated,0.46634358183591906
750,HG00731_hap1,Z,Methylated,0.5571511291256515
751,HG00731_hap1,Z,Unmethylated,0.4428488708743486
752,HG00731_hap1,G4,Methylated,0.5643457057707938
753,HG00731_hap1,G4,Unmethylated,0.43565429422920615
754,HG00358_hap2,IR,Methylated,0.5901612733951374
755,HG00358_hap2,IR,Unmethylated,0.4098387266048627
756,HG00358_hap2,MR,Methylated,0.5785246534237186
757,HG00358_hap2,MR,Unmethylated,0.42147534657628133
758,HG00358_hap2,DR,Methylated,0.5900303326967212
759,HG00358_hap2,DR,Unmethylated,0.40996966730327883
760,HG00358_hap2,APR,Methylated,0.5969650092081031
761,HG00358_hap2,APR,Unmethylated,0.40303499079189686
762,HG00358_hap2,Z,Methylated,0.6004709381583839
763,HG00358_hap2,Z,Unmethylated,0.3995290618416161
764,HG00358_hap2,G4,Methylated,0.6091276568001043
765,HG00358_hap2,G4,Unmethylated,0.39087234319989567
766,HG03520_hap1,IR,Methylated,0.44211369138445117
767,HG03520_hap1,IR,Unmethylated,0.5578863086155489
768,HG03520_hap1,MR,Methylated,0.42093932195461475
769,HG03520_hap1,MR,Unmethylated,0.5790606780453853
770,HG03520_hap1,DR,Methylated,0.4469908004314681
771,HG03520_hap1,DR,Unmethylated,0.5530091995685319
772,HG03520_hap1,APR,Methylated,0.44743013632305995
773,HG03520_hap1,APR,Unmethylated,0.55256986367694
774,HG03520_hap1,Z,Methylated,0.4577665144523872
775,HG03520_hap1,Z,Unmethylated,0.5422334855476127
776,HG03520_hap1,G4,Methylated,0.46856809506296526
777,HG03520_hap1,G4,Unmethylated,0.5314319049370347
778,NA19347_hap2,IR,Methylated,0.3489524628952463
779,NA19347_hap2,IR,Unmethylated,0.6510475371047537
780,NA19347_hap2,MR,Methylated,0.33310627099598855
781,NA19347_hap2,MR,Unmethylated,0.6668937290040114
782,NA19347_hap2,DR,Methylated,0.35832984220080993
783,NA19347_hap2,DR,Unmethylated,0.64167015779919
784,NA19347_hap2,APR,Methylated,0.35477178423236516
785,NA19347_hap2,APR,Unmethylated,0.6452282157676349
786,NA19347_hap2,Z,Methylated,0.3683070966427225
787,NA19347_hap2,Z,Unmethylated,0.6316929033572775
788,NA19347_hap2,G4,Methylated,0.38425992969891654
789,NA19347_hap2,G4,Unmethylated,0.6157400703010835
790,NA18989_hap1,IR,Methylated,0.5405892908239535
791,NA18989_hap1,IR,Unmethylated,0.4594107091760465
792,NA18989_hap1,MR,Methylated,0.5214846843642407
793,NA18989_hap1,MR,Unmethylated,0.4785153156357594
794,NA18989_hap1,DR,Methylated,0.546529616990934
795,NA18989_hap1,DR,Unmethylated,0.4534703830090659
796,NA18989_hap1,APR,Methylated,0.5469181670953606
797,NA18989_hap1,APR,Unmethylated,0.45308183290463944
798,NA18989_hap1,Z,Methylated,0.5559011978828118
799,NA18989_hap1,Z,Unmethylated,0.4440988021171882
800,NA18989_hap1,G4,Methylated,0.5667469218198375
801,NA18989_hap1,G4,Unmethylated,0.4332530781801624
802,HG01596_hap1,IR,Methylated,0.5131948633465531
803,HG01596_hap1,IR,Unmethylated,0.486805136653447
804,HG01596_hap1,MR,Methylated,0.49281906459066405
805,HG01596_hap1,MR,Unmethylated,0.507180935409336
806,HG01596_hap1,DR,Methylated,0.5301873991556316
807,HG01596_hap1,DR,Unmethylated,0.4698126008443684
808,HG01596_hap1,APR,Methylated,0.5240503928046409
809,HG01596_hap1,APR,Unmethylated,0.47594960719535906
810,HG01596_hap1,Z,Methylated,0.5294102179800689
811,HG01596_hap1,Z,Unmethylated,0.4705897820199311
812,HG01596_hap1,G4,Methylated,0.5369542552735685
813,HG01596_hap1,G4,Unmethylated,0.4630457447264314
